person_id,job_id,similarity_score
209767,7722,1
134546,7750,1
225663,8908,1
318417,9279,1
83336,9128,1
258739,8935,1
214059,9398,1
96083,7597,1
325728,8935,1
325380,9195,1
242777,8404,1
142461,8390,1
124030,7610,1
143240,7603,1
53858,9419,1
325510,9022,1
80666,8549,1
258833,8935,1
235947,8419,1
242700,8731,1
266778,8739,1
124751,8050,1
117037,9155,1
85852,9517,1
194009,8403,1
147922,9157,1
282333,9621,1
213740,8143,1
288885,8403,1
230205,8029,1
242805,7814,1
200662,8889,1
98518,8572,1
154365,7612,1
122925,8161,1
104009,8911,1
80666,9107,1
96304,7734,1
145416,7612,1
160479,9518,1
321704,9350,1
101863,8418,1
208696,7589,1
147650,7597,1
109435,7702,1
221326,7711,1
210592,8390,1
324493,9459,1
256079,9436,1
310724,9101,1
235947,7825,1
140473,8739,1
239161,7825,1
77835,7621,1
104009,8938,1
162461,8054,1
197485,9195,1
78480,9355,1
214083,7774,1
78050,7780,1
85036,7729,1
321679,9279,1
85036,7706,1
248976,7711,1
232663,7638,1
190163,9160,1
93232,7610,1
248976,7828,1
98116,7588,1
296495,8935,1
87669,9123,1
325328,9567,1
153991,8404,1
113887,7740,1
225168,8968,1
211211,8984,1
108421,8908,1
318679,9149,1
299622,8404,1
147922,9195,1
92969,8727,1
114300,9494,1
78382,8912,1
220592,7589,1
64099,8403,1
157816,8795,1
261712,8390,1
305540,9279,1
306433,9111,1
214083,7667,1
203583,9569,1
234490,9298,1
168231,7603,1
86751,7696,1
63077,7697,1
213718,8390,1
206249,7673,1
160929,7603,1
211799,7673,1
206962,8571,1
245505,7750,1
196137,9298,1
210816,7636,1
156046,8390,1
110117,7912,1
305540,9195,1
186925,7610,1
209767,7598,1
251554,8166,1
155774,9398,1
60341,9567,1
253649,8693,1
320425,9298,1
170305,8579,1
113182,8610,1
170532,8803,1
235564,8833,1
207845,7608,1
175249,9349,1
201868,8937,1
183160,8515,1
67356,8404,1
62290,7684,1
245505,8059,1
115803,8926,1
249170,8397,1
179574,8610,1
69201,8610,1
177383,8894,1
322451,9358,1
79570,8999,1
6947,7913,1
222686,8059,1
69179,7733,1
130505,8411,1
98749,9459,1
211189,7706,1
224116,8418,1
254727,8786,1
189507,9231,1
175249,8147,1
16654,8925,1
93881,8891,1
185968,7752,1
186098,9195,1
209114,7601,1
325222,9494,1
119032,7622,1
97259,8740,1
209680,7576,1
112098,8419,1
77159,9110,1
194009,8611,1
200662,8876,1
136371,7665,1
201836,8831,1
76843,9195,1
244086,7685,1
148066,7603,1
87669,9240,1
219960,7692,1
177382,9189,1
182797,8419,1
322735,9350,1
113974,8059,1
158645,8404,1
221552,9436,1
319676,8419,1
252438,9087,1
213304,7673,1
147908,8404,1
207714,8418,1
136371,7706,1
89276,9563,1
188612,7754,1
141325,8947,1
62290,7604,1
258894,8166,1
181327,7912,1
132028,9279,1
238150,8935,1
318080,9357,1
180570,8390,1
124751,8195,1
325132,9356,1
144043,8390,1
248518,7636,1
296495,8892,1
109435,7706,1
324347,9283,1
229331,7646,1
140350,8762,1
158623,9215,1
201517,7829,1
318473,9149,1
131559,7812,1
305174,9100,1
35236,7750,1
152481,8404,1
32291,7734,1
280663,9215,1
175249,9338,1
116610,8587,1
213677,7764,1
148892,9128,1
194360,8419,1
164321,8404,1
324564,9398,1
114300,9621,1
104009,9160,1
194009,8571,1
290221,8786,1
87669,9258,1
174749,7912,1
62965,8390,1
137552,7592,1
120855,7779,1
104168,7750,1
235247,8059,1
169138,8611,1
127746,7779,1
324915,9283,1
323935,9450,1
324450,9459,1
225168,8891,1
77159,9230,1
57128,9184,1
174749,8404,1
324493,8726,1
135505,7912,1
201034,7603,1
98663,7779,1
179574,7697,1
169681,7736,1
324937,9567,1
262952,8609,1
324696,9195,1
128014,9350,1
242805,7640,1
281592,8717,1
131559,9397,1
103154,9279,1
317295,9195,1
35236,8052,1
187814,7606,1
175257,8410,1
252438,9428,1
213309,7579,1
128169,8404,1
178165,7601,1
255272,8515,1
213323,7621,1
253649,8600,1
325328,9494,1
200662,7697,1
313145,9149,1
241448,8968,1
318637,9283,1
318080,9283,1
170532,8846,1
242700,8984,1
321632,9300,1
204526,7638,1
71475,8066,1
160688,7608,1
187150,8762,1
216612,8724,1
233048,9283,1
260827,8740,1
68188,9219,1
325029,9623,1
236596,9469,1
61761,7825,1
202657,7733,1
35236,8570,1
183449,7691,1
92953,7597,1
318080,9195,1
249530,7697,1
92953,7611,1
285732,8739,1
239161,7779,1
119032,8892,1
148699,9022,1
177591,7697,1
318637,9518,1
94474,9010,1
53321,9128,1
148892,9392,1
114300,9517,1
324824,9557,1
288885,8530,1
214314,7706,1
317295,8912,1
132504,8762,1
295916,8876,1
181327,8803,1
119032,8962,1
110487,8419,1
109026,7779,1
321384,8762,1
160448,7590,1
325222,9195,1
182190,8410,1
147650,8418,1
157192,8935,1
128169,8848,1
320021,9279,1
143803,7603,1
115803,8419,1
88705,8404,1
89276,9232,1
256079,8935,1
322735,9233,1
183113,8515,1
113182,8693,1
89593,8404,1
322941,9628,1
112188,7640,1
57128,8999,1
299622,8938,1
97377,7828,1
153989,7913,1
131489,8555,1
34059,7611,1
148892,9160,1
119108,8935,1
263906,7717,1
117027,8390,1
322808,8938,1
158942,7611,1
242549,7913,1
279239,8419,1
325029,9409,1
160911,9455,1
225238,8061,1
319522,9279,1
324717,9195,1
234490,9258,1
18012,9010,1
76843,7603,1
317295,9128,1
207441,7836,1
145416,7579,1
324835,9215,1
249530,9415,1
320021,9283,1
93881,8579,1
160230,8029,1
286461,8404,1
148845,8419,1
194009,8600,1
171302,653,1
154995,8326,1
60667,7697,1
243053,7912,1
177382,8975,1
252438,8727,1
289884,8739,1
252438,9100,1
260098,8404,1
200662,9109,1
220592,7734,1
89593,7738,1
286461,8610,1
120488,9123,1
263297,8404,1
79580,7611,1
286461,8876,1
260173,8911,1
322941,9283,1
119647,8162,1
174111,8390,1
35236,7667,1
257459,8390,1
212550,9300,1
316518,9218,1
158075,8703,1
212260,7588,1
233048,9128,1
197658,7680,1
110487,8911,1
132504,8968,1
98196,7640,1
197485,8975,1
139303,8404,1
317912,9230,1
175249,7913,1
116008,8926,1
19399,7679,1
303742,8964,1
87669,9233,1
179574,8833,1
96304,7589,1
322808,8762,1
251658,8530,1
242700,8880,1
221985,7733,1
325476,9494,1
203583,9494,1
324336,9567,1
147922,8762,1
162505,8515,1
221326,7622,1
99654,8600,1
140386,7673,1
239161,7597,1
319489,9195,1
285256,8610,1
194036,7812,1
92953,7712,1
9675,9230,1
144043,8739,1
183449,7750,1
90801,7780,1
93155,8662,1
206249,7763,1
181999,7673,1
115895,8515,1
83435,8803,1
140233,7591,1
93232,8908,1
164582,7664,1
318080,9160,1
317912,9187,1
115803,9086,1
317295,9231,1
177983,7673,1
62083,9429,1
171006,7908,1
318679,9398,1
234490,9350,1
315130,9283,1
248518,8569,1
322428,9195,1
232662,7718,1
207441,7752,1
108421,7638,1
104009,8404,1
255891,8166,1
211127,9087,1
36677,7635,1
235564,8390,1
4755,7697,1
94764,7587,1
133115,7745,1
104168,8059,1
154179,8703,1
212707,9289,1
92254,7603,1
200921,8892,1
197394,8410,1
324761,9436,1
142461,7697,1
160911,9195,1
111578,8739,1
242549,8403,1
252438,9610,1
210816,7601,1
162461,7665,1
236576,8662,1
198994,7734,1
139152,9022,1
117423,7579,1
68188,9024,1
210592,9230,1
241709,8059,1
147908,7912,1
101863,7603,1
200921,8962,1
137711,8935,1
120488,9109,1
206614,7773,1
324493,9610,1
235564,8910,1
311184,9109,1
236530,8390,1
235142,8724,1
76709,9195,1
255263,8404,1
61761,7589,1
68188,8911,1
118551,8052,1
117228,8935,1
169244,7684,1
201517,7913,1
108421,8860,1
60341,9611,1
130858,8999,1
235144,7747,1
258288,9160,1
139152,9086,1
164321,8833,1
252438,9157,1
242682,8409,1
141325,8724,1
324456,9550,1
321144,9398,1
234974,7584,1
140764,8195,1
175513,8390,1
240662,7855,1
201740,7621,1
136371,7638,1
324347,8762,1
32291,7685,1
305174,9007,1
287384,9159,1
177382,9231,1
117423,7581,1
213323,7611,1
141999,8410,1
321625,9283,1
101024,7812,1
283234,9397,1
131538,9239,1
213867,7691,1
96304,7773,1
173142,9195,1
241709,7734,1
239440,9152,1
67461,7697,1
244086,7828,1
81152,8962,1
222520,9279,1
120584,9265,1
305174,8876,1
325380,9231,1
76843,8942,1
260173,8404,1
131489,8572,1
313841,9232,1
89608,8926,1
136371,8349,1
234490,9187,1
299622,8876,1
109991,8419,1
41049,653,1
208643,7589,1
106050,8349,1
201656,8935,1
208323,7604,1
214261,8419,1
324716,9233,1
145416,7590,1
242682,7603,1
85036,7665,1
79418,7603,1
248619,7749,1
112299,7814,1
306167,9109,1
251986,8611,1
317295,8762,1
132504,9283,1
317581,9195,1
223771,8962,1
206962,8894,1
145416,7581,1
235247,7763,1
109060,7581,1
200662,9149,1
76709,9355,1
325328,9569,1
313841,9549,1
77770,8610,1
311184,8762,1
324824,9469,1
234490,9398,1
177591,9107,1
164559,8911,1
190163,9298,1
186181,8418,1
53321,8968,1
322451,9215,1
305174,9000,1
62083,8900,1
235144,8775,1
142461,7912,1
322808,9569,1
226267,9398,1
125074,7697,1
236045,7589,1
211310,7691,1
77036,8900,1
214083,7601,1
177591,9112,1
193729,9086,1
144043,8728,1
219960,7603,1
102274,7576,1
258833,9650,1
97181,7576,1
261080,9100,1
77159,9022,1
85852,8390,1
102274,7692,1
94764,7583,1
211127,9339,1
193717,7611,1
112799,8059,1
117423,7590,1
325569,8942,1
55607,7589,1
101024,7913,1
113587,7740,1
71385,7606,1
234490,9128,1
206810,7611,1
227374,7763,1
78382,8900,1
288572,8166,1
160929,7909,1
287384,9128,1
19855,8515,1
323961,9500,1
89234,7673,1
170532,8831,1
253289,8598,1
162560,7673,1
78480,8935,1
147922,9160,1
124751,8162,1
175240,7584,1
111080,9215,1
69989,653,1
242700,8579,1
324380,9283,1
262952,8668,1
207714,8390,1
214314,7780,1
197485,9283,1
142812,7697,1
124751,8410,1
134976,7611,1
213309,7681,1
181327,8404,1
321704,9283,1
126758,9195,1
224116,7673,1
209680,7613,1
172385,7588,1
212914,8515,1
295916,8938,1
201868,8931,1
306433,9187,1
179729,7855,1
317295,9157,1
325705,8911,1
87667,7738,1
69183,9185,1
76843,9436,1
86751,8418,1
117228,9022,1
318888,9195,1
83336,9458,1
200788,7597,1
133324,8163,1
206116,9283,1
164065,7680,1
109991,9024,1
68188,9159,1
190163,8762,1
308624,9087,1
196137,8911,1
76499,8998,1
59998,8390,1
200382,7750,1
321632,9195,1
57128,7697,1
179347,8975,1
305540,9338,1
158075,7740,1
170532,8844,1
4755,7685,1
131538,9100,1
160400,7603,1
86061,9024,1
262952,7638,1
225877,7775,1
131489,8404,1
181999,8741,1
63077,7685,1
116008,9155,1
98518,8410,1
209680,7611,1
175240,7706,1
244633,7912,1
132504,9087,1
318888,9300,1
77565,9232,1
116008,8911,1
165094,7664,1
308624,9157,1
111083,7750,1
319489,9279,1
236587,7707,1
255891,9284,1
140350,9233,1
283234,9349,1
236211,7584,1
248976,8404,1
196137,9186,1
237313,8761,1
142812,7912,1
98910,7749,1
194243,8549,1
29838,7748,1
285732,7697,1
169244,7733,1
112898,7706,1
324287,9549,1
324343,9283,1
206116,9680,1
324287,9338,1
154365,8609,1
259412,8515,1
311184,8876,1
200202,7691,1
245505,7856,1
324937,9621,1
228927,7737,1
137131,7697,1
252438,9563,1
173357,8957,1
85036,7638,1
147896,8935,1
103566,7603,1
239161,7723,1
109435,8163,1
193717,7621,1
142461,8572,1
164559,9000,1
126099,7734,1
211127,9338,1
315618,9289,1
263906,8668,1
102274,7611,1
251986,8831,1
239161,7603,1
160345,8515,1
89276,9566,1
85852,8762,1
158623,9187,1
241448,9133,1
88705,8739,1
130257,8739,1
76843,9231,1
208823,7611,1
62290,7745,1
106051,7697,1
318080,9499,1
132028,9195,1
53858,9301,1
111074,8419,1
245631,8564,1
200921,8739,1
96558,7909,1
235076,8786,1
168834,7812,1
280811,8812,1
322574,9300,1
69249,8413,1
315618,9358,1
201089,7673,1
207845,7591,1
112596,8610,1
233735,8576,1
223460,9219,1
98518,7589,1
179347,9240,1
116008,9109,1
139152,9160,1
315130,9160,1
174111,7912,1
83336,8762,1
261080,9128,1
244633,7734,1
98663,7603,1
282333,9494,1
53001,8515,1
81107,7859,1
286461,8739,1
157192,9650,1
170532,8579,1
221326,7684,1
119064,9279,1
75375,8744,1
242549,7733,1
86061,8390,1
154995,8390,1
154365,7581,1
130763,7601,1
194009,8894,1
323329,8942,1
197870,7613,1
53321,8762,1
87669,9110,1
175249,9157,1
182883,7638,1
170305,8403,1
318417,9195,1
213677,7611,1
158623,8166,1
276148,8753,1
158942,7745,1
320021,8762,1
194673,7707,1
234974,7775,1
120273,7707,1
323824,9283,1
101024,7733,1
320021,9233,1
157990,9550,1
261080,8762,1
152726,7847,1
289659,9189,1
315130,9189,1
68188,9100,1
224156,8404,1
76843,9494,1
119032,7697,1
315130,8938,1
211310,7601,1
317149,9149,1
216612,9149,1
291544,8811,1
132282,8515,1
193019,8549,1
279239,9160,1
158942,7724,1
322941,9233,1
240008,7829,1
174906,9265,1
222520,9298,1
251340,8833,1
175249,9231,1
148699,9086,1
85734,9283,1
322941,8762,1
91413,7855,1
98364,7603,1
311184,9100,1
206614,7812,1
62965,8419,1
296665,8880,1
258288,9279,1
133324,8149,1
181327,8728,1
109991,9086,1
178262,7745,1
227374,7738,1
255891,9215,1
324456,9283,1
89593,7912,1
104009,7697,1
83336,9398,1
156310,7912,1
306167,7697,1
142461,7589,1
242682,7750,1
197485,9279,1
322669,9494,1
325029,9195,1
193802,9556,1
112799,7603,1
87669,9000,1
318679,9415,1
197485,9518,1
202966,9086,1
322735,9398,1
148892,9230,1
279239,9372,1
19404,653,1
87669,9190,1
242425,9286,1
148892,9377,1
325451,9621,1
141325,8917,1
77835,7750,1
141999,7610,1
260173,8900,1
92953,7692,1
260827,8931,1
305174,9105,1
313841,9428,1
244670,8726,1
213309,7612,1
152481,8608,1
295916,8900,1
197870,7589,1
170305,8846,1
281592,8744,1
283988,9225,1
325155,9219,1
176284,9010,1
221326,7733,1
67356,8390,1
53321,9087,1
125074,8404,1
112596,7697,1
185686,7750,1
325328,9195,1
62965,8418,1
248518,8327,1
53858,9458,1
182883,7717,1
249530,8404,1
85913,7603,1
177382,9159,1
322808,9518,1
220592,7611,1
196180,8166,1
324205,9283,1
221326,7669,1
325030,9494,1
157990,9283,1
97377,7685,1
160230,7752,1
317174,8942,1
137131,8390,1
130257,8149,1
139303,7828,1
324336,9494,1
240440,7780,1
281592,8166,1
94474,9019,1
322808,9195,1
164552,7640,1
98910,8549,1
112188,7718,1
236530,9128,1
306433,8911,1
160929,7855,1
119032,7859,1
148699,8911,1
111080,9159,1
201868,8968,1
178514,7773,1
206962,8739,1
68188,7697,1
298062,8984,1
324824,9157,1
89276,9499,1
118551,7696,1
109881,8593,1
251000,8664,1
107870,7597,1
254672,7912,1
254672,7589,1
259821,9398,1
324761,9549,1
197485,9258,1
236211,7598,1
224156,7603,1
174749,8418,1
200921,8419,1
104009,9258,1
285732,8728,1
77036,9018,1
322941,9350,1
201517,7711,1
180570,7591,1
93881,8894,1
194243,9107,1
324205,9195,1
169681,7604,1
158942,7734,1
127637,8404,1
295916,8892,1
57128,9128,1
311759,8419,1
53858,8935,1
307084,9107,1
199829,7611,1
200662,9195,1
190163,9279,1
324347,9233,1
236530,9392,1
321258,9279,1
315618,8166,1
242700,8937,1
136371,7780,1
126758,8762,1
128114,7611,1
111080,9187,1
98910,8166,1
227374,7697,1
290627,8786,1
213304,7841,1
77598,653,1
148551,7679,1
194402,8419,1
157816,8786,1
63050,7696,1
283234,9338,1
208823,7621,1
250969,8397,1
223479,8935,1
260173,8739,1
276148,8762,1
211310,7636,1
96994,7750,1
128169,8728,1
324924,9283,1
196137,9159,1
127746,7828,1
306433,8419,1
158942,7684,1
323801,8390,1
321679,9231,1
93155,7697,1
78050,7833,1
87503,9087,1
209418,7685,1
174111,7697,1
107662,9015,1
202966,7697,1
225379,7697,1
235142,8404,1
321575,9338,1
120488,8911,1
321201,9338,1
85852,9024,1
290221,8763,1
164559,9100,1
158965,8403,1
96994,7685,1
212707,9369,1
306167,9086,1
57128,8724,1
178262,7734,1
211211,8963,1
152440,8390,1
219960,7621,1
140350,9195,1
145416,7587,1
177591,9128,1
157816,8817,1
319741,9279,1
148892,9233,1
36677,7761,1
172385,9357,1
235247,7765,1
213309,7581,1
310724,9128,1
119647,7785,1
109435,7780,1
324824,8726,1
113587,8195,1
6947,8425,1
144161,8999,1
318366,9283,1
252438,9625,1
207714,8404,1
132379,8515,1
142461,8404,1
311184,9233,1
147650,7912,1
226267,9501,1
204146,7611,1
240663,8059,1
185799,9556,1
236576,8739,1
104168,7856,1
177591,9000,1
241448,7684,1
196137,9283,1
234490,9392,1
324493,9549,1
184591,8670,1
136371,7717,1
176077,8419,1
223463,7686,1
325029,9629,1
232662,7640,1
130858,9189,1
228378,9355,1
325328,8900,1
177383,8882,1
248619,8327,1
122583,7611,1
111074,9240,1
82828,7673,1
294244,9231,1
207040,9429,1
324937,9494,1
160688,7591,1
297716,8549,1
216612,7697,1
91477,8149,1
77159,7696,1
216612,8419,1
87915,8326,1
153991,8757,1
248518,8606,1
236045,8518,1
324218,9195,1
193717,7603,1
315130,7697,1
91044,8912,1
86751,7685,1
132504,9195,1
120273,7601,1
180916,7680,1
132969,7611,1
85852,9283,1
93155,8739,1
263906,8887,1
202966,9100,1
306167,9149,1
74775,7611,1
209680,7663,1
98663,7908,1
239161,7621,1
92254,7908,1
112649,8419,1
249170,7909,1
242777,7597,1
120488,9086,1
127637,8599,1
240663,7855,1
66756,7611,1
316328,9159,1
118515,9265,1
126753,9369,1
62357,9123,1
232663,7736,1
202966,8926,1
306433,8968,1
242682,7685,1
112299,7779,1
322428,9494,1
87503,8999,1
240663,7603,1
324493,9557,1
210423,8055,1
291544,8740,1
200662,7603,1
163442,8610,1
89608,9186,1
111080,9286,1
244633,8161,1
33211,9159,1
180252,8935,1
319676,9286,1
139152,9105,1
243393,7913,1
139152,9109,1
76843,9149,1
147878,7603,1
325225,9195,1
257352,8682,1
318637,8762,1
113226,7657,1
53321,8876,1
140233,7609,1
88705,8610,1
173357,9230,1
125209,9298,1
199610,7606,1
154365,7583,1
245487,8728,1
169557,7776,1
214261,9219,1
323325,8390,1
176384,8611,1
112596,7696,1
79570,9105,1
306433,9152,1
154365,7740,1
135329,9155,1
158965,7596,1
325380,9258,1
225379,9195,1
306700,7697,1
202966,8404,1
200202,7589,1
68188,9128,1
174749,8061,1
61761,7734,1
242549,7724,1
173357,9149,1
195987,8740,1
87669,8419,1
234490,9233,1
112596,8404,1
87669,9186,1
168231,8418,1
325030,9517,1
109507,8724,1
323325,9507,1
174111,8404,1
98601,8390,1
201740,7611,1
163939,9265,1
325029,8762,1
147878,7697,1
207714,7828,1
79580,7603,1
221552,9355,1
78382,9087,1
85036,7780,1
174749,7603,1
128614,8515,1
223771,8419,1
260098,8610,1
241448,9087,1
128169,8610,1
233735,8515,1
225238,7855,1
122098,8515,1
206116,9621,1
206962,8622,1
112299,7685,1
225238,7603,1
241448,9189,1
173357,9184,1
206116,8900,1
239161,7697,1
235047,7733,1
209767,7638,1
197394,7775,1
200009,9283,1
235947,7603,1
112188,7694,1
93881,8975,1
195987,7724,1
259821,9494,1
255417,8668,1
214059,9258,1
154155,7679,1
258288,8762,1
315618,9215,1
85852,9501,1
324716,9195,1
172385,7733,1
206116,7611,1
289659,9195,1
315130,9195,1
62357,9086,1
63077,7748,1
109507,7597,1
57128,9087,1
317295,9000,1
324110,9230,1
177681,8711,1
156046,8418,1
64099,8900,1
96304,7611,1
213136,7765,1
84293,8762,1
187323,8744,1
194037,7737,1
324564,8390,1
235564,8404,1
196137,9189,1
206116,9641,1
194009,8912,1
239161,7589,1
57128,8938,1
214261,9110,1
248976,7912,1
305644,9100,1
156310,8693,1
194009,8147,1
184793,7685,1
225238,7912,1
115655,7912,1
154451,7706,1
252438,9232,1
111080,8166,1
230225,7666,1
252438,9586,1
321144,9233,1
156046,8422,1
318366,9338,1
93881,9087,1
275414,9265,1
149471,8803,1
252290,7912,1
211211,8579,1
261712,8663,1
201868,8882,1
175240,7722,1
195533,7606,1
89593,7604,1
85036,7717,1
282333,9258,1
261071,9301,1
285256,8390,1
175257,8326,1
113974,7779,1
169138,8740,1
153989,8403,1
318679,9283,1
157925,8390,1
180328,7604,1
324924,9623,1
174749,8390,1
200662,9022,1
295916,8844,1
254672,8572,1
235564,7613,1
279677,7696,1
248976,8055,1
307084,9111,1
238489,8390,1
89276,9417,1
253180,8530,1
319545,9289,1
93881,8938,1
177591,9086,1
317149,9195,1
282333,8762,1
4755,7750,1
127637,8693,1
198055,8740,0
140149,8404,0
196195,8419,0
81744,7712,0
116751,9510,0
193292,7638,0
75608,7628,0
98859,7628,0
170532,7697,0
175819,8419,0
220081,8419,0
142763,8161,0
304849,9195,0
197253,7712,0
53858,9355,0
34387,7589,0
257306,8786,0
324555,9501,0
236596,9372,0
160611,7613,0
92827,8724,0
213678,7712,0
182080,8739,0
317150,9157,0
196137,9100,0
128293,8740,0
15526,8419,0
208796,7589,0
124107,7589,0
42331,7603,0
116648,7685,0
324760,9429,0
79122,8739,0
149961,7628,0
88048,7663,0
258739,9155,0
203583,9493,0
109827,7697,0
89406,7603,0
193292,7598,0
101918,8327,0
40038,7606,0
212133,7603,0
226267,9436,0
148857,8938,0
96088,8785,0
137711,9339,0
321907,8390,0
121098,7712,0
90725,7712,0
318417,9231,0
131559,9521,0
139152,9155,0
113812,7589,0
105179,7589,0
275682,7702,0
320922,9195,0
75642,7712,0
318888,9500,0
152758,7663,0
322076,9300,0
164524,7589,0
170305,8811,0
321384,9218,0
197414,7712,0
117256,7628,0
209531,7589,0
176833,7603,0
317149,8762,0
77093,8786,0
322428,9445,0
220236,7663,0
317150,8938,0
317295,8968,0
160479,9219,0
109827,8728,0
325222,8942,0
287384,9288,0
94125,9355,0
90725,7613,0
124941,9355,0
77565,9219,0
52643,7589,0
200365,7679,0
177591,9101,0
118316,7712,0
38391,7628,0
322428,9435,0
172691,8419,0
189679,8786,0
219199,7712,0
185926,7589,0
110191,7665,0
160611,7712,0
321579,9195,0
186062,7603,0
320387,9160,0
252438,9461,0
148892,9355,0
320212,8900,0
236562,8778,0
163487,7589,0
137728,9232,0
318080,9159,0
317295,9224,0
322076,9203,0
64602,7712,0
256735,8419,0
153989,7596,0
321384,9339,0
157252,7589,0
317295,8926,0
324218,9499,0
184898,7717,0
321384,9279,0
92268,7613,0
86061,9444,0
78907,7779,0
123996,8326,0
147361,7665,0
324380,9501,0
291948,8740,0
128114,7589,0
195436,8549,0
93155,7673,0
194926,7621,0
306700,8390,0
171527,8166,0
324218,9521,0
321679,9160,0
67265,7663,0
16653,7589,0
236562,8327,0
187323,8717,0
116751,9356,0
148699,8985,0
266204,7717,0
321384,9185,0
147612,7613,0
136607,7712,0
325546,9398,0
180486,7712,0
136371,7913,0
199604,8739,0
194977,7685,0
117423,7712,0
187409,7590,0
156787,7589,0
128651,8786,0
196638,7589,0
324493,9521,0
139152,8848,0
130763,8166,0
320387,9289,0
101913,7712,0
211330,7603,0
322428,9518,0
122082,7750,0
137131,8762,0
321575,9521,0
299732,9435,0
196354,7589,0
69183,9461,0
261712,8693,0
205124,7611,0
245022,8786,0
276597,8741,0
123684,7663,0
118837,7603,0
324493,9499,0
175249,9232,0
171706,8740,0
187409,8608,0
321632,9231,0
184445,9107,0
324851,9203,0
128145,8549,0
325177,9578,0
160479,9374,0
318366,8938,0
193698,9157,0
236596,9152,0
206116,9567,0
292336,8740,0
136607,7613,0
147612,7712,0
148857,9211,0
323828,9230,0
318366,9087,0
321679,9305,0
76843,9342,0
101913,7613,0
106921,7796,0
127746,7589,0
234327,9409,0
143440,7763,0
242777,8572,0
130613,7603,0
147373,7620,0
255191,9458,0
314858,8724,0
73797,7611,0
255191,8762,0
144161,9283,0
218909,9668,0
200008,7613,0
107259,7588,0
226826,7750,0
292532,8775,0
179790,9557,0
317581,9218,0
125989,7628,0
322808,9556,0
325546,9623,0
160978,8052,0
325132,9358,0
125422,7628,0
172115,8740,0
256737,8419,0
187323,8610,0
158812,7603,0
119032,7724,0
290227,8786,0
324415,9358,0
322428,9155,0
109780,7663,0
113681,7663,0
203583,9187,0
48164,7603,0
16807,8786,0
92268,7712,0
219122,7814,0
317581,9288,0
196374,7665,0
78907,7712,0
62496,7663,0
61761,7603,0
237349,8404,0
259821,9187,0
170086,7628,0
62391,7750,0
324336,9549,0
94125,9396,0
184898,7702,0
299732,9494,0
252290,8419,0
211962,7603,0
321907,9435,0
219960,7773,0
320387,9195,0
68188,8724,0
169700,7589,0
177745,7589,0
275406,8740,0
6947,7909,0
181327,8390,0
70391,7589,0
317149,9106,0
322076,9415,0
321176,9429,0
211116,9000,0
323329,9160,0
195862,8786,0
130524,7589,0
157933,9107,0
203583,8935,0
193292,7584,0
195106,7673,0
140764,8909,0
127819,7663,0
322428,9455,0
224273,7666,0
221466,8166,0
142693,8549,0
195701,7606,0
101902,7712,0
322428,9157,0
322076,9409,0
193560,7628,0
35233,7589,0
325334,9195,0
322428,7685,0
141473,7603,0
107709,8549,0
156396,7589,0
321201,9232,0
77565,9239,0
79455,7589,0
18090,7588,0
77770,8404,0
139722,7589,0
73182,7589,0
320922,9160,0
111117,8938,0
83336,9219,0
169706,8740,0
203583,9300,0
177460,7589,0
256240,9225,0
226267,9372,0
204620,7597,0
152481,7740,0
261433,8703,0
109132,8419,0
318366,9279,0
181327,8727,0
256724,8419,0
255191,9283,0
237349,8555,0
320922,9239,0
236576,8741,0
194958,7665,0
256732,8419,0
325567,9258,0
32166,7712,0
254273,8419,0
76843,9429,0
322428,9016,0
36677,7620,0
321144,9289,0
222393,8739,0
322076,9101,0
196353,7589,0
220237,7663,0
69183,9521,0
236596,9230,0
321679,9396,0
73548,7663,0
195987,7631,0
324218,9398,0
120336,7628,0
283988,9215,0
195497,7712,0
237516,8327,0
291544,8846,0
182080,8549,0
115527,7628,0
322428,8938,0
91457,7603,0
94439,7628,0
318366,8724,0
308624,7696,0
195791,7601,0
177382,9290,0
154771,9462,0
225168,8740,0
127463,7589,0
77565,9305,0
249682,7638,0
325546,9521,0
216230,8845,0
77369,7628,0
323824,9338,0
224589,8788,0
318417,9100,0
152458,9356,0
109493,7663,0
218909,9557,0
125209,9501,0
197633,7589,0
164421,7611,0
199995,7628,0
80706,7712,0
318080,9019,0
101902,7613,0
187457,9548,0
318417,9257,0
189835,8739,0
128221,8166,0
317912,7685,0
319545,9230,0
221943,7663,0
61752,8419,0
183776,8419,0
225168,8782,0
323329,9233,0
148857,9133,0
202966,9010,0
324717,9374,0
127993,8327,0
99654,8572,0
81312,7750,0
68188,9258,0
237981,7697,0
166768,7663,0
120761,7663,0
287111,8786,0
255891,9225,0
174111,7828,0
122545,7584,0
317581,9157,0
211312,8802,0
157642,7750,0
53288,8419,0
214261,7697,0
179184,8786,0
209171,8166,0
119077,7712,0
234974,7618,0
235247,7697,0
156054,7663,0
107750,8740,0
185799,9567,0
124636,7613,0
281990,8166,0
316820,9258,0
76843,9022,0
172507,7613,0
323226,9403,0
113443,8740,0
112991,7663,0
317149,9283,0
131538,8762,0
305540,8762,0
320922,9233,0
203580,7663,0
199568,7589,0
77565,9240,0
139303,8059,0
199485,7663,0
248976,7596,0
236562,8695,0
122867,8786,0
125951,7664,0
136013,7603,0
325498,9300,0
254257,8606,0
162598,7712,0
132028,9239,0
203583,8942,0
148857,8724,0
320922,9240,0
96227,9450,0
324287,9499,0
68188,9222,0
160479,9233,0
125041,7628,0
193292,7618,0
62119,8740,0
66113,7603,0
237867,7773,0
125044,7829,0
235947,7855,0
317150,9105,0
140473,8740,0
321144,9377,0
225997,8549,0
122016,8786,0
214920,7663,0
118527,7603,0
205904,9346,0
196684,7712,0
64099,7638,0
164559,8724,0
194061,8740,0
207388,7712,0
317581,9087,0
144156,8740,0
323026,9435,0
323946,9301,0
140752,8419,0
131181,7603,0
252290,8404,0
199997,7628,0
317581,9189,0
195106,7613,0
235726,8610,0
317581,8938,0
143883,7665,0
76843,9578,0
189835,7628,0
64093,8926,0
137347,7628,0
39039,8693,0
142360,7603,0
218909,9621,0
176361,7712,0
62290,7826,0
320405,9230,0
56015,7628,0
206578,9429,0
252290,8572,0
177515,8786,0
115614,7664,0
97612,7712,0
134506,8166,0
96690,7611,0
113369,7663,0
193729,9010,0
147989,7589,0
318080,9338,0
121443,8703,0
120273,8786,0
139152,8419,0
318366,9218,0
324937,9504,0
125209,8911,0
321679,9195,0
124636,7712,0
64716,8390,0
201110,8419,0
197189,8740,0
119032,8945,0
318417,9240,0
106775,8786,0
299732,9564,0
286317,8740,0
77159,9111,0
323935,9203,0
214981,8327,0
88705,8774,0
76843,9449,0
324716,9578,0
320387,9283,0
311184,9187,0
266778,8844,0
159324,8326,0
324493,9578,0
181724,9185,0
322076,9155,0
157638,7663,0
320387,9159,0
177383,8611,0
325383,9149,0
240015,8912,0
205124,7692,0
79570,7697,0
85852,9686,0
243606,8515,0
195396,7628,0
155774,9024,0
287384,9192,0
123297,7663,0
324347,9149,0
162856,7665,0
186114,8549,0
139152,8728,0
98757,7712,0
158965,7588,0
47437,8549,0
323296,9501,0
148857,8957,0
211471,8418,0
255191,9219,0
67545,8549,0
258510,9501,0
253584,8549,0
200014,7613,0
324760,9521,0
322707,9300,0
321575,9417,0
144043,8846,0
121530,8789,0
234327,9455,0
226952,8786,0
317149,9156,0
283734,8166,0
121530,8774,0
213677,7712,0
323425,9567,0
88600,8327,0
321201,9459,0
98757,7613,0
199994,7628,0
92953,7734,0
322428,9428,0
318080,9377,0
109329,7598,0
245541,8740,0
179347,8724,0
241381,8166,0
296220,8837,0
322076,9279,0
207521,7603,0
77565,9158,0
111949,7603,0
127434,9632,0
109047,8786,0
66855,8610,0
322428,9450,0
89695,7628,0
81406,7750,0
323946,9372,0
148857,9170,0
140830,8739,0
122082,8390,0
109060,7579,0
194948,8786,0
125844,8740,0
116086,7663,0
98614,8403,0
233930,7663,0
208795,7589,0
196519,7589,0
149471,8831,0
121748,7663,0
287384,8911,0
183099,8166,0
49967,8739,0
126753,9225,0
45265,8786,0
88705,8789,0
92600,7712,0
123570,8419,0
184748,7733,0
194534,7663,0
292507,8740,0
182080,8747,0
172494,7613,0
305540,9305,0
235947,7589,0
255191,9396,0
94012,7613,0
99885,8515,0
229288,8418,0
125284,7603,0
61910,7663,0
139152,9149,0
322076,9288,0
235564,7825,0
63069,8166,0
201488,8985,0
182080,8786,0
249797,8739,0
325567,9500,0
174749,7697,0
133557,7628,0
91392,7628,0
324218,9283,0
322807,9195,0
314681,9499,0
251000,8717,0
95770,8739,0
317581,9192,0
171412,7603,0
320212,9232,0
203583,7685,0
221466,8756,0
281006,8740,0
325546,8762,0
304849,9338,0
320212,8419,0
109060,7710,0
321384,9300,0
318417,9160,0
118199,8739,0
114932,8418,0
314681,9521,0
322076,9435,0
64221,7603,0
180594,8326,0
211312,8579,0
104678,7613,0
241448,7776,0
165422,8326,0
320922,8762,0
261080,9110,0
121709,7663,0
257483,8515,0
323946,9152,0
214314,7729,0
108585,7603,0
69438,7638,0
317581,8942,0
155325,7712,0
34059,7737,0
160448,7710,0
137616,7663,0
178262,7613,0
319422,9377,0
86061,9501,0
245487,8693,0
321384,9557,0
319489,9357,0
324717,9578,0
314,7589,0
208691,7589,0
201547,8419,0
104678,7712,0
323199,9195,0
195791,7738,0
192643,7589,0
181275,7663,0
62123,8327,0
122082,8404,0
296290,8166,0
184238,7855,0
257459,7597,0
130858,9170,0
184290,7664,0
111827,8419,0
155325,7613,0
85849,8786,0
6947,7596,0
255191,9419,0
320922,9338,0
118298,7750,0
195987,8803,0
178936,7589,0
261080,9132,0
323390,9403,0
94012,7712,0
93232,7618,0
160911,9346,0
195061,7589,0
115803,8390,0
321201,9397,0
104042,7712,0
321144,9152,0
324380,8390,0
203668,8419,0
162265,7589,0
237237,8740,0
308624,9022,0
89717,7628,0
209963,7589,0
321679,9283,0
195791,7589,0
282333,7685,0
110009,8549,0
183559,9392,0
253789,8549,0
130588,7603,0
324380,9518,0
324380,9625,0
205904,9282,0
109607,8740,0
50279,8515,0
322563,9449,0
275464,8739,0
311184,9123,0
211312,8846,0
164266,7589,0
251044,8786,0
283955,8786,0
76843,9128,0
320212,9279,0
324343,9686,0
206644,7712,0
321635,9455,0
140177,7736,0
206116,9372,0
237981,7603,0
173142,9232,0
119003,7697,0
237313,8846,0
148857,9123,0
321635,9157,0
115666,7603,0
236344,8326,0
320212,9339,0
201740,7589,0
148857,9149,0
104635,8403,0
140764,7740,0
297716,8419,0
187409,8914,0
112008,7663,0
117836,8418,0
173142,9157,0
250674,8166,0
221326,7721,0
251986,8782,0
325155,9578,0
152978,7603,0
213273,9233,0
90801,7710,0
58364,7603,0
317581,9101,0
323125,9300,0
323946,9356,0
83435,8741,0
324716,9458,0
221737,7663,0
325567,9459,0
190029,7590,0
278121,8740,0
289659,8999,0
322735,9231,0
109991,9149,0
102976,7603,0
174983,7603,0
182677,7763,0
266778,8600,0
226267,9024,0
200662,7611,0
320922,9283,0
162988,7669,0
196180,8786,0
77565,9283,0
48320,7764,0
244670,7631,0
142360,7613,0
251599,9000,0
148385,8419,0
146479,7589,0
90801,7612,0
103035,7589,0
32860,7603,0
164559,9149,0
324924,8726,0
193802,9567,0
110265,8419,0
71589,7603,0
321635,8938,0
110487,9225,0
119032,8917,0
178514,7855,0
111074,9187,0
57823,7589,0
318888,8390,0
321679,9100,0
79580,7601,0
318080,9290,0
130599,7589,0
116591,7664,0
134475,7589,0
109212,7603,0
4364,8693,0
212707,9286,0
201528,8419,0
318366,8975,0
282333,8727,0
321081,9195,0
106832,8549,0
155774,9233,0
322428,9215,0
184748,7773,0
253314,8549,0
322563,9219,0
194289,8549,0
236562,8570,0
211312,8789,0
80164,7621,0
318080,9419,0
322735,9283,0
100920,7663,0
306700,9101,0
136688,7611,0
318080,9509,0
92085,7589,0
122583,7691,0
114781,8327,0
314681,9195,0
51931,7589,0
254375,8515,0
91363,7712,0
142763,7773,0
179347,9157,0
164559,7697,0
234327,8390,0
114006,7712,0
73220,7635,0
211930,7603,0
286820,8786,0
171542,8740,0
53858,9230,0
212041,7589,0
120249,7628,0
320387,9338,0
322076,9189,0
225168,7631,0
322076,8938,0
133625,7664,0
244633,7589,0
167472,8166,0
318366,8942,0
233094,8739,0
123491,8327,0
111977,7750,0
305540,9156,0
112596,8757,0
201836,8740,0
225168,8726,0
251000,8166,0
202966,8774,0
94009,7712,0
190537,8786,0
192848,7589,0
255338,8166,0
217100,8671,0
158948,7663,0
113472,7603,0
197498,7712,0
120828,7663,0
235247,8390,0
236596,9301,0
315130,9105,0
104697,7613,0
109294,7628,0
323199,9499,0
92810,8419,0
206640,7712,0
322563,9396,0
199993,7628,0
175240,7652,0
184445,9152,0
111080,8419,0
275496,8739,0
206116,9152,0
94009,7613,0
323199,9521,0
121443,7638,0
172385,8762,0
313841,9218,0
104697,7712,0
144995,7589,0
197962,7663,0
220233,7663,0
197213,7712,0
323026,9225,0
218909,9494,0
131489,7589,0
308355,9283,0
317992,9230,0
324797,9149,0
314400,8786,0
322076,9157,0
116616,8739,0
322563,9374,0
320387,8762,0
203335,7603,0
54708,7712,0
91363,7613,0
86190,8740,0
202388,7603,0
311184,7697,0
116200,7596,0
321632,9374,0
293100,8166,0
290695,8786,0
139303,8325,0
212036,7603,0
81054,7589,0
318080,9374,0
256240,8390,0
322076,9392,0
317295,9100,0
324401,9155,0
187636,7833,0
323199,9305,0
177813,7589,0
136177,7603,0
325676,9230,0
283476,8786,0
67130,7628,0
324487,9500,0
325567,9195,0
108165,8731,0
207839,7603,0
76417,7628,0
287384,9377,0
53858,7685,0
218909,9566,0
290708,8786,0
286563,8786,0
160479,8938,0
126752,8739,0
242093,7603,0
183559,8762,0
102407,8418,0
106268,8419,0
320922,8938,0
320922,9189,0
294086,8166,0
105922,7603,0
200902,8549,0
209043,7712,0
125104,7855,0
127746,8390,0
90319,7613,0
324493,8727,0
199276,7621,0
186014,7763,0
134121,7589,0
323824,9501,0
210592,9469,0
238938,8166,0
108385,7712,0
158097,8740,0
71259,8419,0
63705,7603,0
249530,9231,0
320212,9338,0
105145,7603,0
223463,7636,0
79418,7613,0
322807,9101,0
197870,7670,0
323325,9203,0
122020,7663,0
316518,8762,0
77159,9225,0
143661,8515,0
320484,9189,0
62489,7603,0
109133,8740,0
259821,9556,0
128651,8327,0
176190,7750,0
306700,9128,0
317581,9190,0
203337,7603,0
107119,8549,0
322428,9403,0
164409,8327,0
180486,7663,0
179154,7603,0
88705,8693,0
236576,8774,0
136698,8676,0
320922,9157,0
321679,9339,0
83435,8802,0
218909,9507,0
218909,9556,0
228927,7613,0
108927,7663,0
51486,7611,0
81054,8739,0
134456,7603,0
304849,9087,0
81152,8390,0
304849,8938,0
33211,8549,0
206578,9520,0
111080,9356,0
111074,9107,0
221972,7663,0
317149,8900,0
123863,7603,0
319545,9187,0
233048,9192,0
76707,8549,0
173357,8975,0
194191,7663,0
131559,9445,0
86877,7663,0
320387,9288,0
245031,7640,0
147112,8739,0
222528,7717,0
241448,7733,0
324760,9149,0
226267,9203,0
90319,7712,0
132504,9186,0
322428,9301,0
222694,8739,0
315869,9358,0
258833,9155,0
306470,9010,0
109905,8891,0
319819,9520,0
148857,7640,0
323148,9195,0
181999,8662,0
119178,7589,0
170660,7589,0
147954,7665,0
181999,8693,0
66097,7663,0
308624,9105,0
211927,7603,0
91489,7603,0
197241,7665,0
252547,8166,0
320387,9279,0
306700,9010,0
322428,9260,0
173142,9417,0
201836,8731,0
325177,9300,0
116062,7589,0
147625,8419,0
103853,7712,0
324522,9149,0
125209,9152,0
203428,7628,0
162988,7622,0
127746,7603,0
323946,7685,0
102008,8419,0
177744,7589,0
279677,9225,0
136637,7589,0
86061,9446,0
64099,8984,0
210592,9403,0
90433,7603,0
200662,9184,0
249989,7750,0
135368,7589,0
324380,9356,0
140129,8549,0
92953,7691,0
291840,8166,0
200872,7665,0
195987,8611,0
251554,9215,0
155841,7613,0
317992,9517,0
145510,7712,0
255191,9415,0
314910,8917,0
283734,9225,0
83435,8847,0
318080,9300,0
324493,9218,0
290526,8786,0
120488,9105,0
91917,7712,0
77565,9262,0
322097,8390,0
314401,8786,0
84405,8419,0
81526,7638,0
169138,7589,0
157252,7603,0
320387,9155,0
187323,8747,0
244633,7773,0
213679,7712,0
210592,9567,0
228935,8739,0
225168,8753,0
135041,7589,0
317295,9185,0
73830,7750,0
204668,7589,0
276148,7724,0
322076,9159,0
321144,7685,0
135329,9158,0
160479,9517,0
322428,8166,0
111083,7763,0
103035,8739,0
116200,7684,0
142342,7589,0
324985,9358,0
155338,7589,0
321384,9446,0
85408,7603,0
317581,9239,0
103035,8599,0
173142,8789,0
318080,9187,0
73994,7628,0
325567,9499,0
127434,9355,0
321144,9155,0
124959,7589,0
190450,7663,0
193729,9112,0
109492,8326,0
309757,9022,0
86751,7636,0
325567,9521,0
30271,7628,0
112117,8515,0
322076,8762,0
87669,9257,0
320387,9157,0
161233,7603,0
199631,7603,0
261712,8778,0
75553,7658,0
212260,7658,0
315618,9286,0
137733,7613,0
203583,9356,0
102396,7712,0
194727,7750,0
112932,7665,0
177591,8889,0
210280,7589,0
132516,8549,0
77159,9009,0
283988,9152,0
325510,9283,0
322735,9518,0
305540,9420,0
287384,9219,0
211960,7603,0
153873,7628,0
245505,8390,0
64613,7611,0
323199,9397,0
77565,9288,0
293415,9123,0
135505,7697,0
236562,8664,0
92697,7603,0
131852,8166,0
149745,7603,0
108464,8419,0
276148,8782,0
77565,9218,0
28403,8765,0
124733,8326,0
87503,7663,0
242805,7747,0
173142,7912,0
121665,7621,0
321144,9279,0
196355,7589,0
196478,7589,0
320470,9301,0
130763,7685,0
317295,9232,0
196374,7663,0
96083,8757,0
282333,9686,0
113190,7665,0
237313,8404,0
218909,9578,0
320387,9189,0
320387,8938,0
124149,7603,0
175240,7730,0
256240,9510,0
72451,7712,0
193617,7663,0
171337,7628,0
78811,7603,0
318366,9240,0
256240,9429,0
182895,8739,0
291598,8740,0
208792,7589,0
313145,9184,0
93714,7663,0
206578,9018,0
116751,9187,0
144995,7712,0
164559,9160,0
154365,7593,0
266204,8668,0
185966,8740,0
323199,9300,0
18012,8778,0
137131,8731,0
172864,8549,0
77565,9184,0
125209,9022,0
137733,7712,0
96227,9356,0
164559,9128,0
57834,7589,0
320212,9231,0
158148,7589,0
318080,9409,0
83115,7712,0
195075,8156,0
80082,7589,0
323199,9459,0
96707,7621,0
235947,7828,0
131278,8740,0
318366,9224,0
137711,9355,0
186568,7589,0
92170,7712,0
93367,7589,0
325328,9435,0
203583,9283,0
121809,7855,0
85852,7685,0
287384,9024,0
187150,9300,0
156615,7628,0
156363,8515,0
101923,7613,0
254325,8549,0
17589,7613,0
179347,9158,0
324824,9550,0
218909,9611,0
236596,9450,0
126755,7679,0
112678,7603,0
245487,8762,0
321907,9306,0
225168,8880,0
113295,9019,0
257690,8515,0
320212,9159,0
321679,9087,0
59558,7603,0
252290,7589,0
121702,7663,0
92052,8549,0
62078,8848,0
203583,9429,0
48189,7712,0
218909,9505,0
122082,7912,0
104009,9105,0
140020,7611,0
136573,8740,0
322669,9550,0
93381,7613,0
186848,7621,0
200009,8390,0
131411,7665,0
186181,8327,0
321384,9419,0
192609,7603,0
110009,8327,0
193729,8390,0
176810,7664,0
200916,7712,0
158965,7909,0
228927,7773,0
283734,9215,0
120855,7589,0
224415,9564,0
305644,9133,0
241709,8390,0
153072,7628,0
324564,9564,0
224278,7663,0
318673,9184,0
93509,8740,0
196625,7628,0
79570,7696,0
255191,8975,0
195309,7712,0
222615,7613,0
320021,9160,0
251554,9225,0
173142,9458,0
93381,7712,0
186384,7663,0
133682,7628,0
164559,8926,0
320922,9279,0
252438,9218,0
249118,8920,0
83586,7603,0
137689,8786,0
322428,9419,0
110994,7663,0
324905,9358,0
132035,7578,0
324493,9087,0
212439,8740,0
128014,9398,0
321635,9458,0
221466,8664,0
196352,7589,0
317149,8911,0
70016,8327,0
257488,8515,0
319819,9462,0
6947,8403,0
324716,8938,0
70607,8419,0
234327,9436,0
17589,7712,0
101923,7712,0
184290,8410,0
174597,8872,0
111162,8419,0
77565,9279,0
124452,8515,0
132215,7628,0
211312,8626,0
201517,7596,0
221552,9283,0
248619,7763,0
131538,9258,0
222528,7684,0
113280,7589,0
182883,8163,0
201246,7628,0
125813,7603,0
83957,7628,0
234490,9415,0
236534,8549,0
290226,8938,0
107259,7733,0
135725,7589,0
233048,9288,0
203583,9623,0
164559,9019,0
111074,9159,0
141325,9133,0
77565,8957,0
222381,8786,0
92575,7638,0
322563,9445,0
177751,7589,0
195291,7611,0
113697,8419,0
77170,7603,0
212169,7603,0
173357,9105,0
144156,7712,0
166822,7663,0
28403,7597,0
173357,9279,0
94746,7733,0
232614,7665,0
91390,7589,0
140302,7611,0
173357,8876,0
253649,8727,0
197178,8326,0
97804,8549,0
115577,7589,0
324905,9215,0
178165,8166,0
306167,8957,0
160951,7750,0
159623,8419,0
254390,8515,0
89276,9339,0
322428,9429,0
172741,8515,0
119119,7712,0
321635,9403,0
80025,8418,0
77565,9170,0
324851,9301,0
129997,7603,0
140476,7603,0
201836,7596,0
157990,9436,0
144156,7613,0
144043,8731,0
321679,9300,0
140400,7663,0
108415,7603,0
213867,7774,0
324824,9283,0
178514,7697,0
157252,7613,0
313841,9461,0
225168,8731,0
129785,7589,0
140078,8327,0
185734,8740,0
139780,8740,0
183835,8786,0
226267,8390,0
322563,9494,0
322076,9289,0
116172,7663,0
259336,8740,0
255191,8938,0
256240,9306,0
109060,7583,0
179988,7663,0
76843,7685,0
127012,8515,0
128713,7589,0
169084,8549,0
86061,9283,0
79570,8889,0
131559,9459,0
286823,8786,0
251854,8418,0
174111,7589,0
177738,7589,0
141278,7589,0
146791,7665,0
81745,7628,0
120255,7628,0
76843,9392,0
195496,7712,0
147908,8390,0
175240,7665,0
158983,8786,0
318417,9185,0
148857,9158,0
213718,7763,0
295916,8610,0
322428,9402,0
133465,7663,0
130504,7663,0
192290,8327,0
203583,9219,0
203639,8786,0
318417,9288,0
322076,9301,0
84257,7613,0
318080,9155,0
320387,9203,0
195388,7628,0
109362,7628,0
324411,9149,0
213136,7696,0
317581,8912,0
321201,9402,0
318679,9184,0
97181,7658,0
147829,7589,0
168300,7589,0
279239,9152,0
322428,9417,0
237313,8741,0
187457,8390,0
147961,7663,0
322076,9160,0
199617,7606,0
93223,7663,0
80900,8419,0
324717,9300,0
96069,8419,0
169142,7613,0
1685,7606,0
103747,7589,0
87257,7712,0
205904,9377,0
251986,8768,0
155273,8740,0
308624,7697,0
179850,8786,0
308624,9203,0
320387,9300,0
254383,8515,0
110422,7589,0
313969,8786,0
320387,9298,0
94786,8876,0
162596,7712,0
321384,9417,0
92874,7589,0
317992,9286,0
214707,8327,0
124770,7750,0
322707,9429,0
127434,9578,0
168311,7712,0
126755,7712,0
80104,7712,0
322076,9403,0
120211,7628,0
193292,7833,0
212711,8549,0
87257,7613,0
112133,8327,0
246022,8515,0
108314,7663,0
127061,7589,0
83435,8846,0
102211,7603,0
324507,9435,0
201745,8664,0
147650,8740,0
157434,7750,0
131114,7603,0
55351,7603,0
174889,8703,0
322428,9436,0
321579,9101,0
183590,7712,0
322428,9022,0
244670,8611,0
298062,8975,0
236596,7685,0
203336,7603,0
184748,7669,0
82637,7589,0
236562,8764,0
149274,8739,0
84257,7712,0
110117,8610,0
187150,9000,0
323199,9232,0
148857,9100,0
318080,9185,0
145551,7603,0
108373,7603,0
96762,7603,0
109205,8786,0
254444,7747,0
116658,7750,0
82674,7618,0
102433,7611,0
323329,9500,0
140764,8837,0
197485,8390,0
41600,8419,0
322941,9458,0
183559,9195,0
172385,7712,0
64944,8515,0
174330,8166,0
317149,9189,0
324493,9428,0
287384,9022,0
97754,8419,0
130612,7603,0
321144,8975,0
325567,9645,0
322428,9152,0
77565,8911,0
81152,9109,0
195106,7589,0
225238,8390,0
317149,9279,0
187150,9184,0
112374,7589,0
133115,7733,0
320545,9301,0
91801,7589,0
187816,7606,0
317150,8912,0
252290,7597,0
214829,7603,0
109827,8610,0
238906,8419,0
221466,8675,0
317149,9105,0
205110,7913,0
120339,7589,0
152440,8549,0
134429,7613,0
130616,8739,0
224010,8740,0
92595,7603,0
164559,9159,0
41606,8419,0
297510,8549,0
317581,9100,0
76843,9435,0
180713,7628,0
322428,9019,0
66692,7857,0
125400,9578,0
255699,8166,0
212170,7603,0
234490,9501,0
164149,7613,0
128736,8166,0
125044,8740,0
182883,8149,0
93881,8882,0
208662,7706,0
280663,9203,0
70489,7712,0
324564,9494,0
153259,8549,0
200662,9101,0
324716,9500,0
323946,9203,0
325155,9300,0
173142,9355,0
307084,9112,0
206116,9409,0
193729,9149,0
87906,7638,0
174773,7628,0
325328,9501,0
77565,9123,0
318080,9189,0
318080,8938,0
214810,7712,0
130484,8327,0
192032,8515,0
142812,7733,0
256731,8419,0
36677,7725,0
224281,7663,0
152487,7663,0
322076,9396,0
184993,8786,0
120524,7712,0
212007,7603,0
154179,7603,0
164149,7712,0
79570,8762,0
73450,8326,0
78907,7691,0
323935,9372,0
96227,9289,0
90487,8419,0
324218,9675,0
201836,8880,0
234151,8418,0
256240,9499,0
203583,9446,0
83469,7589,0
130858,8985,0
192839,7589,0
120855,7658,0
203583,9469,0
92953,7658,0
325451,9567,0
102543,8419,0
216487,8740,0
140622,7663,0
120483,7750,0
261071,9159,0
202281,7603,0
318679,9000,0
195106,7670,0
103035,8833,0
324859,9461,0
156794,7589,0
131303,7663,0
322563,7685,0
128117,7685,0
99200,8549,0
181327,7597,0
86061,9019,0
177591,9010,0
194428,8786,0
317295,9170,0
155774,7603,0
323935,9152,0
112799,8326,0
325383,9569,0
217100,8724,0
318375,9101,0
60711,8515,0
279677,8786,0
256733,8419,0
234327,9289,0
223460,9233,0
236211,7706,0
320212,9305,0
321384,9556,0
215620,7712,0
317581,9152,0
53858,9203,0
322428,9338,0
76843,9155,0
255191,9279,0
118339,7663,0
277038,8786,0
286795,8786,0
120982,7712,0
98781,7613,0
82243,7589,0
237313,8397,0
203583,9567,0
324717,9500,0
64099,8908,0
130737,7663,0
113373,7750,0
98211,7628,0
318417,8938,0
79570,9152,0
108800,7589,0
222788,7663,0
318417,9087,0
173142,9374,0
98755,7712,0
116751,9517,0
184251,7663,0
325567,9578,0
211808,8327,0
273981,9225,0
323199,9435,0
245508,7603,0
291912,8739,0
130257,8610,0
313841,9521,0
129191,7712,0
323325,7685,0
140386,7696,0
171112,8515,0
58402,7628,0
211312,8728,0
55610,7589,0
109507,8600,0
150843,8418,0
321384,9100,0
154451,7825,0
321384,9338,0
288572,9225,0
207841,7603,0
98310,8740,0
322076,9306,0
118298,7856,0
98755,7613,0
253693,8786,0
196290,7589,0
252438,9459,0
151407,8549,0
285732,8848,0
320922,9203,0
123027,7628,0
164559,9231,0
183589,7712,0
137728,9549,0
320212,9239,0
211312,7697,0
129474,8515,0
62921,7603,0
77565,7697,0
161020,7611,0
81178,7603,0
209441,9355,0
317149,9288,0
321579,9300,0
92084,7712,0
120254,7628,0
236613,8327,0
97754,7763,0
321635,9419,0
319489,8762,0
98037,7621,0
129191,7697,0
322428,9458,0
53764,7603,0
222528,8608,0
207845,7603,0
234327,9446,0
178521,8166,0
320922,9298,0
320922,9300,0
260827,8739,0
318673,9192,0
322076,9195,0
211227,7712,0
257888,8404,0
89776,8549,0
77565,9328,0
325546,9203,0
77770,7597,0
98781,7712,0
195306,7589,0
305540,9262,0
201009,9225,0
